{
  "name": "no_warmup",
  "epoch": 98,
  "val_loss": 0.36572191715240476,
  "vph_tau_lambda": 1.51450104941805,
  "vph_acc_steps": 127.0,
  "vph_rmse_tau": 0.9897920244228202,
  "rmse_at_1tau": 2.8983664512634277,
  "spec_l1": 0.159610316157341,
  "rmse_curve": [
    0.06716759502887726,
    0.11975055932998657,
    0.1681009978055954,
    0.20826368033885956,
    0.24711398780345917,
    0.2850208282470703,
    0.32202979922294617,
    0.358523428440094,
    0.3943474292755127,
    0.429980605840683,
    0.46475034952163696,
    0.49931055307388306,
    0.5341763496398926,
    0.5690767765045166,
    0.6046898365020752,
    0.6408764719963074,
    0.6770948171615601,
    0.7142648696899414,
    0.7520178556442261,
    0.7898963689804077,
    0.8277072906494141,
    0.8652373552322388,
    0.9035406112670898,
    0.9422831535339355,
    0.9814869165420532,
    1.0209062099456787,
    1.060750126838684,
    1.100453495979309,
    1.1404589414596558,
    1.1804559230804443,
    1.220390796661377,
    1.260209083557129,
    1.299666166305542,
    1.3387161493301392,
    1.377169132232666,
    1.4149259328842163,
    1.4520628452301025,
    1.4886398315429688,
    1.524950623512268,
    1.5608826875686646,
    1.5964744091033936,
    1.6314632892608643,
    1.665838599205017,
    1.699846863746643,
    1.7333625555038452,
    1.7666690349578857,
    1.7991758584976196,
    1.831561803817749,
    1.863305687904358,
    1.8949038982391357,
    1.9262510538101196,
    1.957105040550232,
    1.987609624862671,
    2.0180084705352783,
    2.048712968826294,
    2.079756259918213,
    2.110413074493408,
    2.140644073486328,
    2.170396566390991,
    2.2002458572387695,
    2.2301464080810547,
    2.2600483894348145,
    2.289802312850952,
    2.3197073936462402,
    2.3499205112457275,
    2.380641460418701,
    2.41133713722229,
    2.4420583248138428,
    2.4727232456207275,
    2.5030407905578613,
    2.5330188274383545,
    2.562451124191284,
    2.591616630554199,
    2.6205320358276367,
    2.6494996547698975,
    2.678246021270752,
    2.7067813873291016,
    2.7349352836608887,
    2.7627980709075928,
    2.790470600128174,
    2.81782603263855,
    2.8451015949249268,
    2.8719003200531006,
    2.8983664512634277,
    2.9242756366729736,
    2.9496774673461914,
    2.9745826721191406,
    2.999525785446167,
    3.0246264934539795,
    3.0494942665100098,
    3.0740461349487305,
    3.098036766052246,
    3.1217329502105713,
    3.14524245262146,
    3.1687276363372803,
    3.1926093101501465,
    3.2168452739715576,
    3.2414309978485107,
    3.2665069103240967,
    3.2916908264160156,
    3.31733775138855,
    3.3433620929718018,
    3.369858980178833,
    3.396930694580078,
    3.4243953227996826,
    3.4529075622558594,
    3.482520580291748,
    3.5135111808776855,
    3.546152114868164,
    3.5802950859069824,
    3.6158366203308105,
    3.6527132987976074,
    3.690560817718506,
    3.7294020652770996,
    3.7694060802459717,
    3.8096795082092285,
    3.8502049446105957,
    3.8910579681396484,
    3.9323220252990723,
    3.9735939502716064,
    4.0145583152771,
    4.054426670074463,
    4.093014240264893,
    4.130453586578369,
    4.1672444343566895,
    4.203121662139893,
    4.237674236297607,
    4.271132946014404,
    4.303920745849609,
    4.335808753967285,
    4.367920875549316,
    4.399781227111816,
    4.431282997131348,
    4.46242618560791,
    4.492763042449951,
    4.5232133865356445,
    4.552525520324707,
    4.581272602081299,
    4.610279560089111,
    4.640118598937988,
    4.670383930206299,
    4.700813293457031,
    4.731172561645508,
    4.761752128601074,
    4.791104793548584,
    4.8191728591918945,
    4.846348762512207,
    4.873907566070557,
    4.901040077209473,
    4.928167819976807,
    4.955277442932129,
    4.981724262237549,
    5.007462501525879,
    5.033289432525635,
    5.059167385101318,
    5.084877014160156,
    5.110823631286621,
    5.137286186218262,
    5.164755821228027,
    5.193277359008789,
    5.221210479736328,
    5.250130653381348,
    5.2791008949279785,
    5.308080196380615,
    5.3364338874816895,
    5.364167213439941,
    5.390918731689453,
    5.417534351348877,
    5.442785739898682,
    5.467376232147217,
    5.49022912979126,
    5.512861251831055,
    5.5349884033203125,
    5.557595729827881,
    5.580262184143066,
    5.603545188903809,
    5.627441883087158,
    5.6514506340026855,
    5.676753997802734,
    5.703418731689453,
    5.7298502922058105,
    5.756472110748291,
    5.782767295837402,
    5.809594631195068,
    5.837050437927246,
    5.865848064422607,
    5.894629001617432,
    5.92454195022583,
    5.954545974731445,
    5.983695030212402,
    6.012430191040039,
    6.040888786315918,
    6.068451881408691,
    6.095335483551025,
    6.121252059936523,
    6.145190715789795,
    6.168221950531006,
    6.1905059814453125,
    6.211676120758057,
    6.232893943786621
  ],