{
  "name": "msr_hine",
  "epoch": 84,
  "val_loss": 0.41988746225833895,
  "vph_tau_lambda": 1.3833237931692424,
  "vph_acc_steps": 116.0,
  "vph_rmse_tau": 0.8466895630604846,
  "rmse_at_1tau": 3.2895348072052,
  "spec_l1": 0.19971908628940582,
  "rmse_curve": [
    0.06149366497993469,
    0.11046165227890015,
    0.1552707850933075,
    0.19753172993659973,
    0.2379591464996338,
    0.27716049551963806,
    0.31564730405807495,
    0.3540321886539459,
    0.392062246799469,
    0.43018800020217896,
    0.4678395688533783,
    0.505556046962738,
    0.5441725850105286,
    0.5831761956214905,
    0.6231595873832703,
    0.6640097498893738,
    0.7050809860229492,
    0.7473883628845215,
    0.7909638285636902,
    0.8344687223434448,
    0.8783963918685913,
    0.9220768809318542,
    0.9667531251907349,
    1.0117310285568237,
    1.0574584007263184,
    1.1031978130340576,
    1.1497312784194946,
    1.1960941553115845,
    1.2427875995635986,
    1.2890369892120361,
    1.3352234363555908,
    1.3808104991912842,
    1.4262092113494873,
    1.4710081815719604,
    1.5156750679016113,
    1.5595263242721558,
    1.602912187576294,
    1.6453845500946045,
    1.6877731084823608,
    1.7300150394439697,
    1.7718017101287842,
    1.813150405883789,
    1.8538764715194702,
    1.8943893909454346,
    1.9344995021820068,
    1.9742851257324219,
    2.0135080814361572,
    2.052475690841675,
    2.090763807296753,
    2.1284217834472656,
    2.1652326583862305,
    2.201834201812744,
    2.238162040710449,
    2.2749016284942627,
    2.3114705085754395,
    2.3477566242218018,
    2.383941650390625,
    2.4201622009277344,
    2.4563872814178467,
    2.4920527935028076,
    2.5277020931243896,
    2.5631794929504395,
    2.599118709564209,
    2.6350457668304443,
    2.67110013961792,
    2.7068686485290527,
    2.742766857147217,
    2.7784767150878906,
    2.814389944076538,
    2.8498432636260986,
    2.8858160972595215,
    2.92056941986084,
    2.955291509628296,
    2.989061117172241,
    3.0222208499908447,
    3.0547289848327637,
    3.0863330364227295,
    3.1172025203704834,
    3.147347927093506,
    3.1767945289611816,
    3.205875873565674,
    3.234381914138794,
    3.2621448040008545,
    3.2895348072052,
    3.316279888153076,
    3.342334032058716,
    3.3684487342834473,
    3.393986225128174,
    3.419790267944336,
    3.444904327392578,
    3.470228672027588,
    3.495906352996826,
    3.521495819091797,
    3.5476276874542236,
    3.573939800262451,
    3.599663257598877,
    3.625955104827881,
    3.651888370513916,
    3.6775474548339844,
    3.702533006668091,
    3.7277138233184814,
    3.752645492553711,
    3.7783095836639404,
    3.8046913146972656,
    3.832157611846924,
    3.8607490062713623,
    3.8909575939178467,
    3.922736406326294,
    3.9556870460510254,
    3.9901881217956543,
    4.026120185852051,
    4.06248664855957,
    4.09989595413208,
    4.137896537780762,
    4.176712989807129,
    4.215709209442139,
    4.255039215087891,
    4.294653415679932,
    4.334829807281494,
    4.374444007873535,
    4.413516044616699,
    4.451672077178955,
    4.4889726638793945,
    4.5251851081848145,
    4.559813022613525,
    4.592535018920898,
    4.624634265899658,
    4.6558146476745605,
    4.685896873474121,
    4.715346336364746,
    4.7444844245910645,
    4.772665500640869,
    4.80070161819458,
    4.828600883483887,
    4.8569841384887695,
    4.885043144226074,
    4.9126715660095215,
    4.940046787261963,
    4.96684455871582,
    4.993532180786133,
    5.020750045776367,
    5.047432899475098,
    5.0744099617004395,
    5.101628303527832,
    5.128807544708252,
    5.156033992767334,
    5.183393955230713,
    5.210117340087891,
    5.236281394958496,
    5.263059616088867,
    5.289736747741699,
    5.317441463470459,
    5.346096515655518,
    5.374797344207764,
    5.403622627258301,
    5.432818412780762,
    5.460712432861328,
    5.4880170822143555,
    5.515198707580566,
    5.542045593261719,
    5.568332195281982,
    5.595043659210205,
    5.621906757354736,
    5.648151397705078,
    5.673190593719482,
    5.697258949279785,
    5.720524787902832,
    5.743892669677734,
    5.766988754272461,
    5.789637088775635,
    5.810701847076416,
    5.83164119720459,
    5.852482318878174,
    5.873331546783447,
    5.8940606117248535,
    5.9141974449157715,
    5.934391975402832,
    5.95455265045166,
    5.974635601043701,
    5.9954304695129395,
    6.016872406005859,
    6.038495063781738,
    6.060704708099365,
    6.082891941070557,
    6.105030536651611,
    6.126463890075684,
    6.148308277130127,
    6.170215606689453,
    6.191764831542969,
    6.213573455810547,
    6.235670566558838,
    6.256673812866211,
    6.2769365310668945,
    6.296448707580566,
    6.3153157234191895,
    6.333587646484375,
    6.351052284240723,
    6.367884635925293,
    6.38377046585083,
    6.397536277770996
  ],