{
  "name": "no_consistency",
  "epoch": 84,
  "val_loss": 0.4925762414932251,
  "vph_tau_lambda": 1.311772562488075,
  "vph_acc_steps": 110.0,
  "vph_rmse_tau": 0.787063537492845,
  "rmse_at_1tau": 3.4984631538391113,
  "spec_l1": 0.2164178341627121,
  "rmse_curve": [
    0.061967600136995316,
    0.11145170778036118,
    0.15691475570201874,
    0.20008094608783722,
    0.2416657954454422,
    0.28213220834732056,
    0.32198190689086914,
    0.36195629835128784,
    0.401355504989624,
    0.4408532679080963,
    0.47970718145370483,
    0.5187247395515442,
    0.5583773255348206,
    0.5985547304153442,
    0.6399403810501099,
    0.6819181442260742,
    0.7241007685661316,
    0.7675937414169312,
    0.8121549487113953,
    0.8571953773498535,
    0.9024751782417297,
    0.9478861093521118,
    0.9940851330757141,
    1.041020154953003,
    1.088732123374939,
    1.1365694999694824,
    1.1852762699127197,
    1.2338327169418335,
    1.2826611995697021,
    1.33152174949646,
    1.379820704460144,
    1.4283502101898193,
    1.4766854047775269,
    1.5250985622406006,
    1.5735414028167725,
    1.622246503829956,
    1.6711204051971436,
    1.7196334600448608,
    1.767860770225525,
    1.8154875040054321,
    1.8622229099273682,
    1.9081284999847412,
    1.953232765197754,
    1.9975954294204712,
    2.0412909984588623,
    2.0844390392303467,
    2.126955032348633,
    2.168637752532959,
    2.210146188735962,
    2.2506327629089355,
    2.2906594276428223,
    2.329824447631836,
    2.3688597679138184,
    2.4077110290527344,
    2.4460833072662354,
    2.48429799079895,
    2.522329807281494,
    2.560159683227539,
    2.598323106765747,
    2.636496067047119,
    2.675029754638672,
    2.713646411895752,
    2.7535479068756104,
    2.7932639122009277,
    2.833272933959961,
    2.873544692993164,
    2.91420316696167,
    2.954375743865967,
    2.9942705631256104,
    3.0329976081848145,
    3.071023464202881,
    3.1082284450531006,
    3.1448187828063965,
    3.1805832386016846,
    3.2155373096466064,
    3.2493584156036377,
    3.2821338176727295,
    3.314218521118164,
    3.346010208129883,
    3.377833127975464,
    3.4090123176574707,
    3.439671277999878,
    3.469172239303589,
    3.4984631538391113,
    3.5274243354797363,
    3.5562076568603516,
    3.58430814743042,
    3.6120781898498535,
    3.6397299766540527,
    3.667198896408081,
    3.6944985389709473,
    3.722008228302002,
    3.748901844024658,
    3.775897979736328,
    3.8027873039245605,
    3.8292465209960938,
    3.8555750846862793,
    3.88165283203125,
    3.906468152999878,
    3.9311020374298096,
    3.9552998542785645,
    3.980186939239502,
    4.005824089050293,
    4.03290319442749,
    4.0609002113342285,
    4.089541912078857,
    4.119542598724365,
    4.150322914123535,
    4.182462692260742,
    4.215919017791748,
    4.2500319480896,
    4.285259246826172,
    4.321322917938232,
    4.357876300811768,
    4.394832611083984,
    4.4314374923706055,
    4.467352390289307,
    4.502918720245361,
    4.537611961364746,
    4.571414470672607,
    4.603924751281738,
    4.635421276092529,
    4.665823459625244,
    4.694986820220947,
    4.723771095275879,
    4.752032279968262,
    4.780271053314209,
    4.80925178527832,
    4.838320732116699,
    4.867970943450928,
    4.897449493408203,
    4.926745414733887,
    4.955819129943848,
    4.985167503356934,
    5.015080451965332,
    5.045259952545166,
    5.075185298919678,
    5.104493618011475,
    5.133058547973633,
    5.160829067230225,
    5.189249038696289,
    5.217044353485107,
    5.245304107666016,
    5.2741594314575195,
    5.30342960357666,
    5.332627773284912,
    5.362069606781006,
    5.391625881195068,
    5.421011924743652,
    5.449813365936279,
    5.478051662445068,
    5.505572319030762,
    5.532074451446533,
    5.5576491355896,
    5.582277774810791,
    5.604554176330566,
    5.626112461090088,
    5.645658016204834,
    5.665511131286621,
    5.684007167816162,
    5.7025980949401855,
    5.721329689025879,
    5.739573001861572,
    5.757325172424316,
    5.775186538696289,
    5.7935380935668945,
    5.811692237854004,
    5.83028507232666,
    5.850274085998535,
    5.870171546936035,
    5.890170574188232,
    5.910677909851074,
    5.93046760559082,
    5.949612617492676,
    5.969094753265381,
    5.9890618324279785,
    6.008548736572266,
    6.027359485626221,
    6.045712947845459,
    6.0655436515808105,
    6.085567951202393,
    6.104957103729248,
    6.123563766479492,
    6.1421122550964355,
    6.159913063049316,
    6.1776123046875,
    6.19368839263916,
    6.209122180938721,
    6.22451639175415,
    6.239965915679932,
    6.254467964172363,
    6.268978595733643,
    6.282164573669434,
    6.294773578643799,
    6.306558132171631,
    6.318653106689453,
    6.331347942352295,
    6.34355354309082,
    6.355377197265625,
    6.365780830383301
  ],