{
  "name": "hine",
  "epoch": 73,
  "val_loss": 0.6821105241775512,
  "vph_tau_lambda": 1.2163709215798513,
  "vph_acc_steps": 102.0,
  "vph_rmse_tau": 0.7274375119252051,
  "rmse_at_1tau": 3.7139744758605957,
  "spec_l1": 0.24102334678173065,
  "rmse_curve": [
    0.06955308467149734,
    0.12859727442264557,
    0.18436822295188904,
    0.2386898547410965,
    0.29206448793411255,
    0.3444626033306122,
    0.39608681201934814,
    0.44743427634239197,
    0.49800556898117065,
    0.5479336977005005,
    0.5970467329025269,
    0.6462254524230957,
    0.6962971091270447,
    0.7467073798179626,
    0.7984581589698792,
    0.8511363863945007,
    0.9040994644165039,
    0.9579280614852905,
    1.0121748447418213,
    1.0661793947219849,
    1.1201486587524414,
    1.1742075681686401,
    1.2279475927352905,
    1.2816314697265625,
    1.3356142044067383,
    1.3900212049484253,
    1.443880558013916,
    1.497620701789856,
    1.5506460666656494,
    1.6031919717788696,
    1.6545069217681885,
    1.7044103145599365,
    1.753075361251831,
    1.8011882305145264,
    1.848655104637146,
    1.894894003868103,
    1.940549612045288,
    1.9850349426269531,
    2.0293896198272705,
    2.0734002590179443,
    2.117117166519165,
    2.16015362739563,
    2.202986240386963,
    2.24507474899292,
    2.28655743598938,
    2.327087879180908,
    2.3669910430908203,
    2.4059314727783203,
    2.444653034210205,
    2.483090400695801,
    2.5211541652679443,
    2.5588746070861816,
    2.5961554050445557,
    2.6329751014709473,
    2.6695125102996826,
    2.7059428691864014,
    2.742584228515625,
    2.7794508934020996,
    2.8167996406555176,
    2.854701042175293,
    2.8937580585479736,
    2.933032274246216,
    2.97263765335083,
    3.011848211288452,
    3.0508532524108887,
    3.0895256996154785,
    3.1276843547821045,
    3.165728807449341,
    3.2036590576171875,
    3.2410945892333984,
    3.2775204181671143,
    3.313202381134033,
    3.348092555999756,
    3.3822619915008545,
    3.4161407947540283,
    3.4499614238739014,
    3.4836010932922363,
    3.5171828269958496,
    3.5510334968566895,
    3.584486722946167,
    3.6173489093780518,
    3.650364637374878,
    3.6826465129852295,
    3.7139744758605957,
    3.7446789741516113,
    3.7750084400177,
    3.8046200275421143,
    3.833519697189331,
    3.8614401817321777,
    3.889209747314453,
    3.9170639514923096,
    3.945275068283081,
    3.973782777786255,
    4.002918720245361,
    4.0322160720825195,
    4.062014579772949,
    4.092532157897949,
    4.122869491577148,
    4.153707504272461,
    4.185113906860352,
    4.216029167175293,
    4.247256755828857,
    4.2794928550720215,
    4.312408924102783,
    4.346223831176758,
    4.379817962646484,
    4.412546634674072,
    4.445775032043457,
    4.477961540222168,
    4.5099616050720215,
    4.541491508483887,
    4.572592735290527,
    4.603578567504883,
    4.634701728820801,
    4.665996074676514,
    4.695460319519043,
    4.725611686706543,
    4.755537509918213,
    4.785121440887451,
    4.814122676849365,
    4.842159748077393,
    4.870355129241943,
    4.896651268005371,
    4.922330379486084,
    4.947506427764893,
    4.972454071044922,
    4.997109889984131,
    5.02052640914917,
    5.043631553649902,
    5.0670671463012695,
    5.091055870056152,
    5.115672588348389,
    5.141289710998535,
    5.167665958404541,
    5.194299221038818,
    5.221619606018066,
    5.249284744262695,
    5.276917457580566,
    5.30410099029541,
    5.330968379974365,
    5.3573994636535645,
    5.384150505065918,
    5.411043643951416,
    5.438536643981934,
    5.466357707977295,
    5.495275497436523,
    5.5245466232299805,
    5.553714752197266,
    5.583293914794922,
    5.613431930541992,
    5.644108295440674,
    5.674117088317871,
    5.7043046951293945,
    5.7344818115234375,
    5.764090061187744,
    5.793687343597412,
    5.823195457458496,
    5.851743221282959,
    5.880529403686523,
    5.907909393310547,
    5.936280250549316,
    5.963290691375732,
    5.991936683654785,
    6.020674705505371,
    6.050731182098389,
    6.082148551940918,
    6.112678527832031,
    6.144538879394531,
    6.175856590270996,
    6.207367897033691,
    6.238762378692627,
    6.269936561584473,
    6.300073146820068,
    6.331007480621338,
    6.361382007598877,
    6.392582893371582,
    6.4245924949646,
    6.458701133728027,
    6.4940080642700195,
    6.530432224273682,
    6.567667484283447,
    6.606281280517578,
    6.645071983337402,
    6.685251712799072,
    6.725151062011719,
    6.766243934631348,
    6.807753562927246,
    6.849511623382568,
    6.891629219055176,
    6.933386325836182,
    6.975754737854004,
    7.0179443359375,
    7.060473442077637,
    7.10290002822876,
    7.146077632904053,
    7.189312934875488,
    7.232424736022949,
    7.275822639465332,
    7.319370269775391,
    7.363333702087402
  ],