{
  "name": "no_contraction",
  "epoch": 48,
  "val_loss": 0.6902440071105957,
  "vph_tau_lambda": 0.9063155886281244,
  "vph_acc_steps": 76.0,
  "vph_rmse_tau": 0.5366342301087579,
  "rmse_at_1tau": 4.509894371032715,
  "spec_l1": 0.22975698113441467,
  "rmse_curve": [
    0.07635384798049927,
    0.14332476258277893,
    0.20867569744586945,
    0.27350884675979614,
    0.33845117688179016,
    0.4028452932834625,
    0.46657687425613403,
    0.5296638011932373,
    0.5930825471878052,
    0.6566817760467529,
    0.721118152141571,
    0.7864241003990173,
    0.8536397814750671,
    0.9215148091316223,
    0.9897674322128296,
    1.0572969913482666,
    1.1248739957809448,
    1.1929281949996948,
    1.261840581893921,
    1.3311827182769775,
    1.400738000869751,
    1.4706294536590576,
    1.5389962196350098,
    1.6071497201919556,
    1.6753513813018799,
    1.7426303625106812,
    1.8098481893539429,
    1.8767213821411133,
    1.9422709941864014,
    2.0072007179260254,
    2.0705554485321045,
    2.132874011993408,
    2.194152355194092,
    2.2542262077331543,
    2.3138811588287354,
    2.373084783554077,
    2.431981325149536,
    2.4903388023376465,
    2.5482099056243896,
    2.6054587364196777,
    2.6620185375213623,
    2.717759370803833,
    2.7727560997009277,
    2.827144145965576,
    2.880664825439453,
    2.933408260345459,
    2.984799385070801,
    3.035052537918091,
    3.084352970123291,
    3.1324684619903564,
    3.1795573234558105,
    3.2245724201202393,
    3.2680716514587402,
    3.31023907661438,
    3.3517889976501465,
    3.3927199840545654,
    3.43306040763855,
    3.4726951122283936,
    3.51246976852417,
    3.5516438484191895,
    3.591376543045044,
    3.6314892768859863,
    3.6717941761016846,
    3.7126243114471436,
    3.753490447998047,
    3.7941596508026123,
    3.8349761962890625,
    3.8762428760528564,
    3.9172756671905518,
    3.9589760303497314,
    4.000491142272949,
    4.041606903076172,
    4.082186222076416,
    4.122365474700928,
    4.162356853485107,
    4.202145576477051,
    4.2417144775390625,
    4.2816057205200195,
    4.322190284729004,
    4.361255645751953,
    4.399431228637695,
    4.436678886413574,
    4.4736223220825195,
    4.509894371032715,
    4.546001434326172,
    4.580975532531738,
    4.614489555358887,
    4.647587776184082,
    4.680754661560059,
    4.713571071624756,
    4.746035575866699,
    4.777626991271973,
    4.809036731719971,
    4.840144157409668,
    4.870898246765137,
    4.9011054039001465,
    4.9302287101745605,
    4.959064483642578,
    4.986893177032471,
    5.013031959533691,
    5.037575721740723,
    5.060250282287598,
    5.080977916717529,
    5.100090980529785,
    5.118067741394043,
    5.135319709777832,
    5.151917934417725,
    5.167920112609863,
    5.183210849761963,
    5.198233604431152,
    5.213631629943848,
    5.228084087371826,
    5.241695404052734,
    5.2548508644104,
    5.267204284667969,
    5.278558254241943,
    5.289566993713379,
    5.299874305725098,
    5.309687614440918,
    5.319031715393066,
    5.3282294273376465,
    5.337194919586182,
    5.346024513244629,
    5.354804515838623,
    5.362915515899658,
    5.370686054229736,
    5.3784990310668945,
    5.386341094970703,
    5.393565654754639,
    5.400052070617676,
    5.406512260437012,
    5.412683486938477,
    5.418541431427002,
    5.424173355102539,
    5.4298810958862305,
    5.4354963302612305,
    5.4408769607543945,
    5.445687770843506,
    5.450961112976074,
    5.455582618713379,
    5.4603190422058105,
    5.46459436416626,
    5.468384265899658,
    5.471112251281738,
    5.473349571228027,
    5.4752936363220215,
    5.4765520095825195,
    5.477714538574219,
    5.4787516593933105,
    5.479950904846191,
    5.481036186218262,
    5.483104228973389,
    5.485428810119629,
    5.488065242767334,
    5.491029739379883,
    5.494287014007568,
    5.498368263244629,
    5.503270149230957,
    5.509103298187256,
    5.51511287689209,
    5.521629810333252,
    5.527817726135254,
    5.534152030944824,
    5.540198802947998,
    5.546421051025391,
    5.552614688873291,
    5.558355331420898,
    5.562780857086182,
    5.566216468811035,
    5.569407939910889,
    5.5728373527526855,
    5.576082706451416,
    5.579221725463867,
    5.58259916305542,
    5.586599826812744,
    5.590981483459473,
    5.5955281257629395,
    5.600558757781982,
    5.605746269226074,
    5.611680030822754,
    5.6179423332214355,
    5.6241254806518555,
    5.630461692810059,
    5.637578010559082,
    5.644458293914795,
    5.652137756347656,
    5.660344123840332,
    5.669604778289795,
    5.678862571716309,
    5.687148094177246,
    5.695317268371582,
    5.703200817108154,
    5.709755897521973,
    5.716744899749756,
    5.723531723022461,
    5.731386184692383,
    5.739300727844238,
    5.747969150543213,
    5.757109642028809,
    5.766171455383301
  ],