{
  "name": "no_topdown",
  "epoch": 84,
  "val_loss": 0.5497427672147751,
  "vph_tau_lambda": 1.5979774852127457,
  "vph_acc_steps": 134.0,
  "vph_rmse_tau": 0.8586147681740126,
  "rmse_at_1tau": 3.197930097579956,
  "spec_l1": 0.11492065340280533,
  "rmse_curve": [
    0.06474093347787857,
    0.11733047664165497,
    0.1655503362417221,
    0.21166770160198212,
    0.25644439458847046,
    0.3003174662590027,
    0.3437826633453369,
    0.3867674469947815,
    0.42915868759155273,
    0.47153687477111816,
    0.5140940546989441,
    0.5569149255752563,
    0.6004363298416138,
    0.6442228555679321,
    0.6890347599983215,
    0.7344130873680115,
    0.7797962427139282,
    0.8263834118843079,
    0.8738405108451843,
    0.9214544296264648,
    0.9689205288887024,
    1.0163178443908691,
    1.0633326768875122,
    1.1111602783203125,
    1.1594557762145996,
    1.2073194980621338,
    1.2550045251846313,
    1.3024448156356812,
    1.3499103784561157,
    1.39650559425354,
    1.4426689147949219,
    1.48813796043396,
    1.5332353115081787,
    1.5776458978652954,
    1.6218154430389404,
    1.6652042865753174,
    1.7078733444213867,
    1.749370813369751,
    1.7905166149139404,
    1.8314526081085205,
    1.872205376625061,
    1.912418007850647,
    1.9523413181304932,
    1.9922704696655273,
    2.0319664478302,
    2.071610927581787,
    2.1106884479522705,
    2.1489920616149902,
    2.1866519451141357,
    2.2235236167907715,
    2.259542226791382,
    2.294623613357544,
    2.3287949562072754,
    2.3621983528137207,
    2.3949224948883057,
    2.4269330501556396,
    2.458622932434082,
    2.4893569946289062,
    2.5191948413848877,
    2.548544406890869,
    2.5775723457336426,
    2.606102466583252,
    2.6339170932769775,
    2.661022663116455,
    2.6876232624053955,
    2.713724136352539,
    2.7398343086242676,
    2.765904426574707,
    2.7922346591949463,
    2.8187203407287598,
    2.8454699516296387,
    2.871980667114258,
    2.8985676765441895,
    2.92480731010437,
    2.9514756202697754,
    2.9782187938690186,
    3.0052599906921387,
    3.0326361656188965,
    3.060215473175049,
    3.088134527206421,
    3.1158881187438965,
    3.1434903144836426,
    3.170766592025757,
    3.197930097579956,
    3.2246651649475098,
    3.2510132789611816,
    3.2767868041992188,
    3.3018081188201904,
    3.326056718826294,
    3.3498034477233887,
    3.3732471466064453,
    3.3964169025421143,
    3.419424533843994,
    3.4421660900115967,
    3.4646735191345215,
    3.4866466522216797,
    3.5084030628204346,
    3.5297584533691406,
    3.551253080368042,
    3.572587251663208,
    3.5941505432128906,
    3.6155686378479004,
    3.6368308067321777,
    3.657557249069214,
    3.6777801513671875,
    3.6969332695007324,
    3.7152628898620605,
    3.733290433883667,
    3.751110076904297,
    3.768433094024658,
    3.7849254608154297,
    3.800793409347534,
    3.816193103790283,
    3.8315463066101074,
    3.8466992378234863,
    3.8615105152130127,
    3.8760294914245605,
    3.890026569366455,
    3.9036574363708496,
    3.9169673919677734,
    3.9300174713134766,
    3.942744016647339,
    3.9550883769989014,
    3.9668731689453125,
    3.978334903717041,
    3.9897491931915283,
    4.001498222351074,
    4.013543605804443,
    4.026064395904541,
    4.0390214920043945,
    4.0526123046875,
    4.066638469696045,
    4.080852031707764,
    4.095456123352051,
    4.110626697540283,
    4.126404285430908,
    4.14271354675293,
    4.159770965576172,
    4.177737236022949,
    4.196485996246338,
    4.216066837310791,
    4.23629093170166,
    4.257077217102051,
    4.277822494506836,
    4.29851770401001,
    4.319005966186523,
    4.339510917663574,
    4.359692573547363,
    4.379756450653076,
    4.399225234985352,
    4.418610095977783,
    4.437639236450195,
    4.4567999839782715,
    4.475959300994873,
    4.495279312133789,
    4.514265537261963,
    4.533013343811035,
    4.55118989944458,
    4.569191932678223,
    4.587004661560059,
    4.604475498199463,
    4.621111869812012,
    4.637325286865234,
    4.653303146362305,
    4.669439792633057,
    4.685177803039551,
    4.700313568115234,
    4.714722633361816,
    4.728574275970459,
    4.741433143615723,
    4.753683567047119,
    4.765218257904053,
    4.776718616485596,
    4.788187026977539,
    4.8002119064331055,
    4.812882423400879,
    4.826379299163818,
    4.840076923370361,
    4.853848457336426,
    4.867321014404297,
    4.880986213684082,
    4.894894123077393,
    4.909364223480225,
    4.923933982849121,
    4.938992023468018,
    4.954598426818848,
    4.971251010894775,
    4.988570690155029,
    5.006665229797363,
    5.024971961975098,
    5.043626308441162,
    5.062144756317139,
    5.080296993255615,
    5.097996234893799,
    5.115717887878418,
    5.133515357971191,
    5.151288986206055,
    5.168795585632324,
    5.18615198135376,
    5.203214645385742
  ],