{
  "name": "fno_1step",
  "epoch": 89,
  "val_loss": 0.10576118007302285,
  "vph_tau_lambda": 0.6678114863575655,
  "vph_acc_steps": 56.0,
  "vph_rmse_tau": 0.36968135851936657,
  "rmse_at_1tau": 22.06989097595215,
  "spec_l1": 176448.15625,
  "rmse_curve": [
    0.39239633083343506,
    0.58882075548172,
    0.6985071897506714,
    0.7813371419906616,
    0.8558450937271118,
    0.926716148853302,
    0.9958571195602417,
    1.0632134675979614,
    1.1291766166687012,
    1.1942732334136963,
    1.2584861516952515,
    1.3223869800567627,
    1.3865432739257812,
    1.4520690441131592,
    1.519509196281433,
    1.5894662141799927,
    1.6615175008773804,
    1.7366182804107666,
    1.8158327341079712,
    1.8978087902069092,
    1.9805192947387695,
    2.065803050994873,
    2.1527247428894043,
    2.2418577671051025,
    2.331519603729248,
    2.420964479446411,
    2.5095691680908203,
    2.599085807800293,
    2.6902339458465576,
    2.782136917114258,
    2.877044677734375,
    2.9738123416900635,
    3.072911262512207,
    3.1750247478485107,
    3.282325267791748,
    3.3943519592285156,
    3.5106704235076904,
    3.6286251544952393,
    3.7491321563720703,
    3.874255418777466,
    4.0034589767456055,
    4.1362152099609375,
    4.271889686584473,
    4.409146308898926,
    4.5463056564331055,
    4.682292938232422,
    4.819623947143555,
    4.959929466247559,
    5.109036922454834,
    5.266129970550537,
    5.430974006652832,
    5.6076765060424805,
    5.793032646179199,
    5.988835334777832,
    6.195609092712402,
    6.415377140045166,
    6.644407749176025,
    6.883567810058594,
    7.1383490562438965,
    7.414459228515625,
    7.7065534591674805,
    8.019680976867676,
    8.35863208770752,
    8.71662712097168,
    9.092814445495605,
    9.491628646850586,
    9.915553092956543,
    10.361104965209961,
    10.83363151550293,
    11.335897445678711,
    11.875249862670898,
    12.446962356567383,
    13.064367294311523,
    13.709915161132812,
    14.389707565307617,
    15.112939834594727,
    15.854562759399414,
    16.643083572387695,
    17.474872589111328,
    18.328022003173828,
    19.200477600097656,
    20.11256217956543,
    21.04831314086914,
    22.06989097595215,
    23.088062286376953,
    24.164119720458984,
    25.363967895507812,
    26.584171295166016,
    27.822681427001953,
    29.121047973632812,
    30.45330810546875,
    31.82949447631836,
    33.218326568603516,
    34.645381927490234,
    36.076866149902344,
    37.52092361450195,
    39.08945846557617,
    40.737335205078125,
    42.37089920043945,
    44.101661682128906,
    45.89845657348633,
    47.7495231628418,
    49.66920852661133,
    51.67049026489258,
    53.837867736816406,
    56.12287521362305,
    58.4793815612793,
    60.96556854248047,
    63.548309326171875,
    66.1939697265625,
    69.00169372558594,
    72.03793334960938,
    75.05480194091797,
    78.14302062988281,
    81.36178588867188,
    84.61064147949219,
    87.95999145507812,
    91.60242462158203,
    95.38197326660156,
    99.22746276855469,
    103.2371597290039,
    107.38912200927734,
    111.53108215332031,
    115.84284973144531,
    120.48799133300781,
    125.3225326538086,
    130.4126739501953,
    135.92660522460938,
    141.7192840576172,
    147.698486328125,
    153.7576446533203,
    159.9929962158203,
    166.62576293945312,
    173.5599365234375,
    180.5848846435547,
    188.2446746826172,
    196.60861206054688,
    205.4704132080078,
    214.61056518554688,
    224.4053497314453,
    234.7852783203125,
    245.5028839111328,
    256.7008972167969,
    268.7671813964844,
    281.7381896972656,
    295.4831848144531,
    310.2452087402344,
    325.9927062988281,
    342.1615905761719,
    359.2650451660156,
    377.1832580566406,
    396.42913818359375,
    416.5852966308594,
    438.2509765625,
    460.8578186035156,
    485.1407165527344,
    511.0166931152344,
    537.8342895507812,
    566.2603759765625,
    595.904541015625,
    627.4119873046875,
    661.1361083984375,
    697.93115234375,
    737.8766479492188,
    781.3101806640625,
    828.3323974609375,
    878.3771362304688,
    931.025390625,
    985.8232421875,
    1045.1500244140625,
    1107.56103515625,
    1171.027099609375,
    1241.2152099609375,
    1315.515380859375,
    1393.3271484375,
    1479.0052490234375,
    1568.9459228515625,
    1664.088623046875,
    1761.6722412109375,
    1860.2603759765625,
    1966.330322265625,
    2078.66015625,
    2189.9716796875,
    2308.905517578125,
    2434.583740234375,
    2565.993896484375,
    2704.596435546875,
    2847.753173828125,
    2998.442138671875,
    3153.6259765625,
    3314.921875,
    3484.655517578125,
    3655.228515625,
    3842.387451171875,
    4041.85888671875,
    4236.9501953125,
    4443.9755859375,
    4663.4287109375,
    4890.9501953125,
    5124.5751953125
  ],