{
  "name": "circularity_confirm",
  "epoch": 84,
  "val_loss": 0.43522742092609407,
  "vph_tau_lambda": 1.3236977676016028,
  "vph_acc_steps": 111.0,
  "vph_rmse_tau": 0.8109139477199009,
  "rmse_at_1tau": 3.4199776649475098,
  "spec_l1": 0.2061285376548767,
  "rmse_curve": [
    0.06148933246731758,
    0.11048201471567154,
    0.15532588958740234,
    0.19769415259361267,
    0.23823943734169006,
    0.2775430977344513,
    0.3162490427494049,
    0.3548004627227783,
    0.3929625451564789,
    0.4312320649623871,
    0.469061940908432,
    0.507125973701477,
    0.5459554195404053,
    0.5853291749954224,
    0.6259824633598328,
    0.6675123572349548,
    0.7093566656112671,
    0.7528383135795593,
    0.7976886034011841,
    0.8430219888687134,
    0.8890393972396851,
    0.9349082112312317,
    0.9819601774215698,
    1.0294148921966553,
    1.0775249004364014,
    1.1254640817642212,
    1.1740480661392212,
    1.222470760345459,
    1.2710072994232178,
    1.3193961381912231,
    1.3673983812332153,
    1.4152071475982666,
    1.4623254537582397,
    1.5088647603988647,
    1.554896593093872,
    1.6005144119262695,
    1.6454530954360962,
    1.6898828744888306,
    1.7346769571304321,
    1.7788324356079102,
    1.8230518102645874,
    1.8665955066680908,
    1.9100515842437744,
    1.9536529779434204,
    1.9965746402740479,
    2.0396323204040527,
    2.0814669132232666,
    2.122635841369629,
    2.162914752960205,
    2.2028398513793945,
    2.241738796234131,
    2.28033185005188,
    2.319603443145752,
    2.3586559295654297,
    2.3976645469665527,
    2.436483383178711,
    2.4748034477233887,
    2.51267147064209,
    2.5505733489990234,
    2.58793306350708,
    2.625091314315796,
    2.6622443199157715,
    2.6994500160217285,
    2.7359282970428467,
    2.772675037384033,
    2.8085594177246094,
    2.8446834087371826,
    2.8807404041290283,
    2.9171154499053955,
    2.953428030014038,
    2.9898715019226074,
    3.026562213897705,
    3.0627825260162354,
    3.0985050201416016,
    3.1335978507995605,
    3.1677932739257812,
    3.201141357421875,
    3.2337169647216797,
    3.2663497924804688,
    3.2983062267303467,
    3.329667329788208,
    3.3603827953338623,
    3.3906092643737793,
    3.4199776649475098,
    3.4488720893859863,
    3.47685170173645,
    3.5037875175476074,
    3.530792713165283,
    3.557903289794922,
    3.5847649574279785,
    3.611884593963623,
    3.6390380859375,
    3.666679859161377,
    3.6939258575439453,
    3.720241069793701,
    3.7462687492370605,
    3.772219181060791,
    3.798243761062622,
    3.8242619037628174,
    3.8504576683044434,
    3.8768627643585205,
    3.904217481613159,
    3.931795835494995,
    3.9599177837371826,
    3.9887256622314453,
    4.017826557159424,
    4.04720401763916,
    4.0772881507873535,
    4.10784387588501,
    4.138677597045898,
    4.169607639312744,
    4.200715065002441,
    4.231978893280029,
    4.263718605041504,
    4.2957353591918945,
    4.328091144561768,
    4.361264228820801,
    4.394598484039307,
    4.428342819213867,
    4.461810111999512,
    4.494593620300293,
    4.527299880981445,
    4.5600080490112305,
    4.592414855957031,
    4.624643325805664,
    4.657049179077148,
    4.689625263214111,
    4.7218170166015625,
    4.7541279792785645,
    4.7866106033325195,
    4.818642616271973,
    4.851128578186035,
    4.883093357086182,
    4.914733409881592,
    4.947004318237305,
    4.978646755218506,
    5.010018348693848,
    5.04102087020874,
    5.071987152099609,
    5.102528095245361,
    5.132771015167236,
    5.163381576538086,
    5.19421911239624,
    5.224575996398926,
    5.254626750946045,
    5.284513473510742,
    5.314038276672363,
    5.3439130783081055,
    5.374188423156738,
    5.404625415802002,
    5.434229373931885,
    5.463063716888428,
    5.49122428894043,
    5.517683506011963,
    5.542679309844971,
    5.56710147857666,
    5.591249942779541,
    5.615643501281738,
    5.639033317565918,
    5.6621856689453125,
    5.685050010681152,
    5.708014488220215,
    5.7311601638793945,
    5.754195213317871,
    5.776808738708496,
    5.798786640167236,
    5.819137096405029,
    5.838794231414795,
    5.856871128082275,
    5.874501705169678,
    5.89243221282959,
    5.910565376281738,
    5.929313659667969,
    5.947729587554932,
    5.966288089752197,
    5.985587120056152,
    6.005991458892822,
    6.026481628417969,
    6.047469615936279,
    6.068308353424072,
    6.089641094207764,
    6.111142158508301,
    6.133580207824707,
    6.155647277832031,
    6.17822265625,
    6.201071262359619,
    6.223397731781006,
    6.244868278503418,
    6.266366004943848,
    6.288205623626709,
    6.310665607452393,
    6.333123207092285,
    6.354679107666016,
    6.376244068145752,
    6.396454811096191,
    6.416947841644287,
    6.436647891998291,
    6.454814910888672,
    6.472491264343262,
    6.4897260665893555
  ],