{
  "name": "no_multirate",
  "epoch": 84,
  "val_loss": 0.44416612982749937,
  "vph_tau_lambda": 1.3475481778286589,
  "vph_acc_steps": 113.0,
  "vph_rmse_tau": 0.8228391528334288,
  "rmse_at_1tau": 3.346078395843506,
  "spec_l1": 0.2194700986146927,
  "rmse_curve": [
    0.06133239343762398,
    0.10975269228219986,
    0.15407554805278778,
    0.19594436883926392,
    0.23622342944145203,
    0.2752927541732788,
    0.31378206610679626,
    0.35226067900657654,
    0.39043742418289185,
    0.42869114875793457,
    0.46688729524612427,
    0.5055096745491028,
    0.5451112985610962,
    0.5854539275169373,
    0.6271064877510071,
    0.6696202754974365,
    0.7119831442832947,
    0.7563098073005676,
    0.8018519282341003,
    0.8485480546951294,
    0.8955651521682739,
    0.9428699612617493,
    0.9908508062362671,
    1.0393542051315308,
    1.0881359577178955,
    1.1375919580459595,
    1.1871260404586792,
    1.23697030544281,
    1.286625862121582,
    1.3359755277633667,
    1.3851673603057861,
    1.4341850280761719,
    1.483021855354309,
    1.5309745073318481,
    1.5785791873931885,
    1.6251776218414307,
    1.6708059310913086,
    1.715322494506836,
    1.759589433670044,
    1.8035932779312134,
    1.847320795059204,
    1.8901761770248413,
    1.932512640953064,
    1.9743047952651978,
    2.0152618885040283,
    2.0557198524475098,
    2.095458745956421,
    2.1347241401672363,
    2.1729602813720703,
    2.2107059955596924,
    2.24712872505188,
    2.283505916595459,
    2.3199963569641113,
    2.3568103313446045,
    2.3934473991394043,
    2.4294333457946777,
    2.4651172161102295,
    2.5011513233184814,
    2.5365943908691406,
    2.571798801422119,
    2.607084274291992,
    2.64207124710083,
    2.6772208213806152,
    2.712559938430786,
    2.747659921646118,
    2.782829761505127,
    2.8172972202301025,
    2.851956367492676,
    2.8862462043762207,
    2.919726848602295,
    2.953122854232788,
    2.9863638877868652,
    3.019045352935791,
    3.0514752864837646,
    3.0837903022766113,
    3.1159720420837402,
    3.1474289894104004,
    3.177950382232666,
    3.2078330516815186,
    3.2363743782043457,
    3.264301300048828,
    3.291456699371338,
    3.318646192550659,
    3.346078395843506,
    3.3735480308532715,
    3.401306629180908,
    3.4286530017852783,
    3.4558892250061035,
    3.4827094078063965,
    3.5100231170654297,
    3.5377490520477295,
    3.565612316131592,
    3.5931828022003174,
    3.620685577392578,
    3.647871732711792,
    3.6745705604553223,
    3.701056957244873,
    3.7273592948913574,
    3.7542102336883545,
    3.7811903953552246,
    3.8089630603790283,
    3.8378982543945312,
    3.8674349784851074,
    3.89747953414917,
    3.9275429248809814,
    3.958221912384033,
    3.989658832550049,
    4.021642208099365,
    4.054813385009766,
    4.0884928703308105,
    4.1221923828125,
    4.156948566436768,
    4.191099166870117,
    4.225409030914307,
    4.259796619415283,
    4.294024467468262,
    4.327937126159668,
    4.361504554748535,
    4.393860816955566,
    4.425612926483154,
    4.456701755523682,
    4.487621307373047,
    4.518475532531738,
    4.550078392028809,
    4.582391738891602,
    4.61519718170166,
    4.648804664611816,
    4.682425498962402,
    4.716706275939941,
    4.751681804656982,
    4.786581993103027,
    4.820834159851074,
    4.855215549468994,
    4.889045238494873,
    4.9223127365112305,
    4.954841613769531,
    4.987290859222412,
    5.019235134124756,
    5.051319122314453,
    5.083668231964111,
    5.116143703460693,
    5.1484904289245605,
    5.179987907409668,
    5.212467193603516,
    5.243718147277832,
    5.273964881896973,
    5.303573131561279,
    5.333807945251465,
    5.363450050354004,
    5.392548084259033,
    5.420849800109863,
    5.448014736175537,
    5.474743843078613,
    5.500392913818359,
    5.525022506713867,
    5.548585414886475,
    5.571594715118408,
    5.594490051269531,
    5.615897178649902,
    5.636549949645996,
    5.6570725440979,
    5.677126884460449,
    5.697255611419678,
    5.716797351837158,
    5.73523473739624,
    5.753097057342529,
    5.770772933959961,
    5.788023471832275,
    5.804486274719238,
    5.821042060852051,
    5.83811092376709,
    5.855948448181152,
    5.874364852905273,
    5.893404960632324,
    5.913546085357666,
    5.934095859527588,
    5.954797744750977,
    5.9751081466674805,
    5.996186256408691,
    6.017884731292725,
    6.040789604187012,
    6.064497947692871,
    6.090319633483887,
    6.1170525550842285,
    6.1443610191345215,
    6.171216011047363,
    6.199198246002197,
    6.226827621459961,
    6.255335807800293,
    6.283812522888184,
    6.311945915222168,
    6.339455604553223,
    6.366351127624512,
    6.392704010009766,
    6.417745113372803,
    6.441836357116699,
    6.463141441345215,
    6.48348331451416,
    6.501941680908203,
    6.517035007476807
  ],