{
  "name": "unet_1step",
  "epoch": 95,
  "val_loss": 0.01650346051901579,
  "vph_tau_lambda": 0.15502766647586338,
  "vph_acc_steps": 13.0,
  "vph_rmse_tau": 0.1311772562488075,
  "rmse_at_1tau": Infinity,
  "spec_l1": NaN,
  "rmse_curve": [
    0.12484332174062729,
    0.2527664303779602,
    0.47598642110824585,
    0.934146523475647,
    1.3689663410186768,
    1.7434606552124023,
    2.042163848876953,
    2.2876930236816406,
    2.5080761909484863,
    2.728776693344116,
    3.0050406455993652,
    3.468850612640381,
    4.430593967437744,
    6.593705177307129,
    11.46509075164795,
    21.85024070739746,
    43.09814453125,
    85.87643432617188,
    171.5773468017578,
    343.04388427734375,
    686.0001220703125,
    1371.9136962890625,
    2743.73095703125,
    5487.3505859375,
    10974.5703125,
    21948.994140625,
    43897.82421875,
    87795.4609375,
    175590.71875,
    351181.21875,
    702362.25,
    1404724.125,
    2809448.0,
    5618895.5,
    11237791.0,
    22475582.0,
    44951164.0,
    89902328.0,
    179804656.0,
    359609312.0,
    719218624.0,
    1438437248.0,
    2876874496.0,
    5753748992.0,
    11507497984.0,
    23014995968.0,
    46029991936.0,
    92059983872.0,
    184119967744.0,
    368239935488.0,
    736479870976.0,
    1472959741952.0,
    2945919483904.0,
    5891838967808.0,
    11783677935616.0,
    23567355871232.0,
    47134711742464.0,
    94269423484928.0,
    188538846969856.0,
    377077693939712.0,
    754155387879424.0,
    1508310775758848.0,
    3016621551517696.0,
    6033243103035392.0,
    1.2066486206070784e+16,
    2.413297241214157e+16,
    4.826594482428314e+16,
    Infinity,
    Infinity,
    Infinity,
    Infinity,
    Infinity,
    Infinity,
    Infinity,
    Infinity,
    Infinity,
    Infinity,
    Infinity,
    Infinity,
    Infinity,
    Infinity,
    Infinity,
    Infinity,
    Infinity,
    Infinity,
    Infinity,
    Infinity,
    Infinity,
    Infinity,
    Infinity,
    Infinity,
    Infinity,
    Infinity,
    Infinity,
    Infinity,
    Infinity,
    Infinity,
    Infinity,
    Infinity,
    Infinity,
    Infinity,
    Infinity,
    Infinity,
    Infinity,
    Infinity,
    Infinity,
    Infinity,
    Infinity,
    Infinity,
    Infinity,
    Infinity,
    Infinity,
    Infinity,
    Infinity,
    Infinity,
    Infinity,
    Infinity,
    Infinity,
    Infinity,
    Infinity,
    Infinity,
    Infinity,
    Infinity,
    Infinity,
    Infinity,
    Infinity,
    Infinity,
    Infinity,
    Infinity,
    Infinity,
    Infinity,
    Infinity,
    Infinity,
    Infinity,
    Infinity,
    NaN,
    NaN,
    NaN,
    NaN,
    NaN,
    NaN,
    NaN,
    NaN,
    NaN,
    NaN,
    NaN,
    NaN,
    NaN,
    NaN,
    NaN,
    NaN,
    NaN,
    NaN,
    NaN,
    NaN,
    NaN,
    NaN,
    NaN,
    NaN,
    NaN,
    NaN,
    NaN,
    NaN,
    NaN,
    NaN,
    NaN,
    NaN,
    NaN,
    NaN,
    NaN,
    NaN,
    NaN,
    NaN,
    NaN,
    NaN,
    NaN,
    NaN,
    NaN,
    NaN,
    NaN,
    NaN,
    NaN,
    NaN,
    NaN,
    NaN,
    NaN,
    NaN,
    NaN,
    NaN,
    NaN,
    NaN,
    NaN,
    NaN,
    NaN,
    NaN,
    NaN,
    NaN,
    NaN,
    NaN,
    NaN,
    NaN,
    NaN,
    NaN,
    NaN,
    NaN,
    NaN,
    NaN,
    NaN,
    NaN,
    NaN,
    NaN,
    NaN,
    NaN,
    NaN,
    NaN,
    NaN,
    NaN,
    NaN,
    NaN,
    NaN,
    NaN,
    NaN,
    NaN,
    NaN,
    NaN,
    NaN,
    NaN,
    NaN,
    NaN,
    NaN,
    NaN,
    NaN,
    NaN,
    NaN,
    NaN,
    NaN,
    NaN,
    NaN,
    NaN,
    NaN,
    NaN,
    NaN,
    NaN,
    NaN,
    NaN,
    NaN,
    NaN,
    NaN,
    NaN,
    NaN,
    NaN,
    NaN,
    NaN,
    NaN,
    NaN,
    NaN,
    NaN,
    NaN,
    NaN,
    NaN,
    NaN,
    NaN,
    NaN,
    NaN,
    NaN,
    NaN,
    NaN,
    NaN,
    NaN,
    NaN,
    NaN,
    NaN,
    NaN,
    NaN,
    NaN,
    NaN,
    NaN,
    NaN,
    NaN,
    NaN,
    NaN,
    NaN,
    NaN,
    NaN,
    NaN,
    NaN,
    NaN,
    NaN,
    NaN,
    NaN,
    NaN,
    NaN,
    NaN,
    NaN,
    NaN,
    NaN,
    NaN,
    NaN,
    NaN,
    NaN,
    NaN,
    NaN,
    NaN,
    NaN,
    NaN,
    NaN,
    NaN,
    NaN,
    NaN,
    NaN,
    NaN,
    NaN,
    NaN,
    NaN,
    NaN,
    NaN,
    NaN,
    NaN,
    NaN,
    NaN,
    NaN,
    NaN,
    NaN,
    NaN,
    NaN,
    NaN,
    NaN,
    NaN,
    NaN,
    NaN,
    NaN,
    NaN,
    NaN,
    NaN,
    NaN,
    NaN,
    NaN,
    NaN,
    NaN,
    NaN,
    NaN,
    NaN,
    NaN,
    NaN,
    NaN,
    NaN,
    NaN,
    NaN,
    NaN,
    NaN,
    NaN,
    NaN,
    NaN,
    NaN,
    NaN,
    NaN,
    NaN,
    NaN,
    NaN,
    NaN,
    NaN,
    NaN,
    NaN,
    NaN,
    NaN,
    NaN,
    NaN,
    NaN,
    NaN,
    NaN,
    NaN,
    NaN,
    NaN,
    NaN,
    NaN,
    NaN,
    NaN,
    NaN,
    NaN,
    NaN,
    NaN,
    NaN,
    NaN,
    NaN,
    NaN,
    NaN,
    NaN,
    NaN,
    NaN,
    NaN,
    NaN,
    NaN,
    NaN,
    NaN,
    NaN,
    NaN,
    NaN,
    NaN,
    NaN,
    NaN,
    NaN,
    NaN,
    NaN,
    NaN,
    NaN,
    NaN,
    NaN,
    NaN,
    NaN,
    NaN,
    NaN,
    NaN,
    NaN,
    NaN,
    NaN,
    NaN,
    NaN,
    NaN,
    NaN,
    NaN,
    NaN,
    NaN,
    NaN,
    NaN,
    NaN,
    NaN,
    NaN,
    NaN,
    NaN,
    NaN,
    NaN,
    NaN,
    NaN,
    NaN,
    NaN,
    NaN,
    NaN,
    NaN,
    NaN,
    NaN,
    NaN,
    NaN,
    NaN,
    NaN,
    NaN,
    NaN,
    NaN,
    NaN,
    NaN,
    NaN,
    NaN,
    NaN,
    NaN,
    NaN,
    NaN,
    NaN,
    NaN,
    NaN,
    NaN,
    NaN,
    NaN,
    NaN,
    NaN,
    NaN,
    NaN,
    NaN,
    NaN,
    NaN,
    NaN,
    NaN,
    NaN,
    NaN,
    NaN,
    NaN,
    NaN,
    NaN,
    NaN,
    NaN,
    NaN,
    NaN,
    NaN,
    NaN,
    NaN,
    NaN,
    NaN,
    NaN,
    NaN,
    NaN,
    NaN,
    NaN,
    NaN,
    NaN,
    NaN,
    NaN,
    NaN,
    NaN,
    NaN,
    NaN,
    NaN,
    NaN
  ],