{"mean": -1.192092865393013e-12, "std": 4.860388278961182}